,deltaX,gamma,omega,flux,pulse,neutronCount
count,500000.0,500000.0,500000.0,500000.0,500000.0,500000.0
mean,95.2095927603809,95.4021432481507,95.01684434716738,95.20980377731513,95.2097371375758,50541.730472
std,103.79644155002138,103.79659413049463,103.79718445999485,103.79732002223263,103.79630833883158,28578.45977035405
min,-211.72800831257933,-211.3239660967601,-211.88264765303305,-211.7673554768318,-211.5001636007923,1000.0
25%,39.44525357744428,39.63253097339634,39.24216161405124,39.43878262000196,39.449301044075234,25810.0
50%,114.09685332135885,114.2861861002021,113.90668516875587,114.11424186328749,114.09246269674364,50604.0
75%,175.43413688109217,175.6212757249985,175.2417528274381,175.4251425530235,175.43447433183732,75257.0
max,286.70552121823096,286.70957050326825,286.5130607810835,286.54994776366067,286.46697421239605,99999.0
